Citation,Description,CET,CommentsCET,SoV,CommentsSoV,Venue,Count,Group,HtmlText
"Hu, X., Ip, J., Sadaful, K., Lui, G., & Chu, S. (2016, April). Wikiglass: a learning analytic tool for visualizing collaborative wikis of secondary school students. In Proceedings of the Sixth International Conference on Learning Analytics & Knowledge (pp. 550-551). ACM.",Describes a visualization tool for collaboration in wikis,1,No clear connection with any learning theory.,3,"Multiple, simple, disconnected visualizations",LAK,1,9,"<b> Citation: </b>Hu, X., Ip, J., Sadaful, K., Lui, G., & Chu, S. (2016, April). Wikiglass: a learning analytic tool for visualizing collaborative wikis of secondary school students. In Proceedings of the Sixth International Conference on Learning Analytics & Knowledge (pp. 550-551). ACM.</br></br><b> Description: </b>Describes a visualization tool for collaboration in wikis</br></br><b> CET: </b>No clear connection with any learning theory.</br></br><b> SoV: </b>Multiple, simple, disconnected visualizations</br></br>"
"Jugo, I., Kova?i?, B., & Slavuj, V. (2015, January). Integrating a Web-based ITS with DM tools for Providing Learning Path Optimization and Visual Analytics. In 8th International Conference on Educational data mining.",Visualizations for intelligent tutoring systems,1,No clear connection with any learning theory.,4,Multiple simple static disconnected visualizations,EDM,1,4,"<b> Citation: </b>Jugo, I., Kova?i?, B., & Slavuj, V. (2015, January). Integrating a Web-based ITS with DM tools for Providing Learning Path Optimization and Visual Analytics. In 8th International Conference on Educational data mining.</br></br><b> Description: </b>Visualizations for intelligent tutoring systems</br></br><b> CET: </b>No clear connection with any learning theory.</br></br><b> SoV: </b>Multiple simple static disconnected visualizations</br></br>"
"Fu, S., Zhao, J., Cui, W., & Qu, H. (2017). Visual Analysis of MOOC Forums with iForum. IEEE Transactions on Visualization and Computer Graphics, 23(1), 201-210.",This study proposes a visualization tool for discussion forums in MOOCs,1,"The paper does not make connection between the proposed work and the educational theories. Instead, just mentions that forums are an important interaction tool in MOOCs",10,"Multi-level, novel, interactive visualization, with all levels connected to each other",IEEE Transactions on Visualization and Computer Graphics,2,6,"<b> Citation: </b>Fu, S., Zhao, J., Cui, W., & Qu, H. (2017). Visual Analysis of MOOC Forums with iForum. IEEE Transactions on Visualization and Computer Graphics, 23(1), 201-210.</br></br><b> Description: </b>This study proposes a visualization tool for discussion forums in MOOCs</br></br><b> CET: </b>The paper does not make connection between the proposed work and the educational theories. Instead, just mentions that forums are an important interaction tool in MOOCs</br></br><b> SoV: </b>Multi-level, novel, interactive visualization, with all levels connected to each other</br></br></br></br><b> Citation: </b>Chen, Q., Chen, Y., Liu, D., Shi, C., Wu, Y., & Qu, H. (2016). Peakvizor: Visual analytics of peaks in video clickstreams from massive open online courses. IEEE transactions on visualization and computer graphics, 22(10), 2315-2330.</br></br><b> Description: </b>This study explores students' clickstream data of videos in the context of MOOCs. The study uses an algorithm to identify peaks of interactions from students, to make sense out of this.</br></br><b> CET: </b>No clear connection with any learning theory.</br></br><b> SoV: </b>Multi-level, novel, interactive visualization, with all levels connected to each other</br></br>"
"Faucon, L., Kidzinski, L., & Dillenbourg, P. (2016). Semi-Markov model for simulating MOOC students. In Proceedings of the 9th International Conference on Educational Data Mining (No. EPFL-CONF-218881).",Modeling students' activities in a MOOC,2,"Provides a background of methods for modeling students (not educational theories), but this does not inform the visualization or help to support the discussion",3,Two simple disconnected visualizations are presented,EDM,1,4,"<b> Citation: </b>Faucon, L., Kidzinski, L., & Dillenbourg, P. (2016). Semi-Markov model for simulating MOOC students. In Proceedings of the 9th International Conference on Educational Data Mining (No. EPFL-CONF-218881).</br></br><b> Description: </b>Modeling students' activities in a MOOC</br></br><b> CET: </b>Provides a background of methods for modeling students (not educational theories), but this does not inform the visualization or help to support the discussion</br></br><b> SoV: </b>Two simple disconnected visualizations are presented</br></br>"
"Trimm, D., & Rheingans, P. (2012). Visualizing student histories using clustering and composition. IEEE transactions on visualization and computer graphics, 18(12), 2809-2818.",This paper proposes a tool to visualize students' academic historiy throughout several semesters,2,The paper does not involve an educational theory. The purpose of this visualization is to provide insights on important and difficult courses,4,"Although there is more than one level of visualization, the visualizations are simple, static, and the different levels are not easy to connect",IEEE Transactions on Visualization and Computer Graphics,1,6,"<b> Citation: </b>Trimm, D., & Rheingans, P. (2012). Visualizing student histories using clustering and composition. IEEE transactions on visualization and computer graphics, 18(12), 2809-2818.</br></br><b> Description: </b>This paper proposes a tool to visualize students' academic historiy throughout several semesters</br></br><b> CET: </b>The paper does not involve an educational theory. The purpose of this visualization is to provide insights on important and difficult courses</br></br><b> SoV: </b>Although there is more than one level of visualization, the visualizations are simple, static, and the different levels are not easy to connect</br></br>"
"Freeman, J. D. (2016, April). Demonstration of the Unizin sentiment visualizer. In Proceedings of the Sixth International Conference on Learning Analytics & Knowledge (pp. 552-553). ACM.","Describes the  Unizin Sentiment Visualizer, a visualization tool for s",2,"Brief mention of the constructs sentiment, frustration, uncertainty, and inquisition, with a connection to an IMS GLC framework, but no clear connection with educational theories.",5,"Multi-level, simple, disconnected, interactive visualizations",LAK,1,9,"<b> Citation: </b>Freeman, J. D. (2016, April). Demonstration of the Unizin sentiment visualizer. In Proceedings of the Sixth International Conference on Learning Analytics & Knowledge (pp. 552-553). ACM.</br></br><b> Description: </b>Describes the  Unizin Sentiment Visualizer, a visualization tool for s</br></br><b> CET: </b>Brief mention of the constructs sentiment, frustration, uncertainty, and inquisition, with a connection to an IMS GLC framework, but no clear connection with educational theories.</br></br><b> SoV: </b>Multi-level, simple, disconnected, interactive visualizations</br></br>"
"Dyckhoff, A. L., Zielke, D., Bültmann, M., Chatti, M. A., & Schroeder, U. (2012). Design and implementation of a learning analytics toolkit for teachers. Educational Technology & Society, 15(3), 58-76.","Describes eLAT, a learning analytics dashboard, for teachers to explore how students use certain learning objects",2,Briefly mentions connectvism and other learning theories as future work,6,"Multi-level simple, disconnected, interactive visualizations",Educational Technology & Society,1,5,"<b> Citation: </b>Dyckhoff, A. L., Zielke, D., Bültmann, M., Chatti, M. A., & Schroeder, U. (2012). Design and implementation of a learning analytics toolkit for teachers. Educational Technology & Society, 15(3), 58-76.</br></br><b> Description: </b>Describes eLAT, a learning analytics dashboard, for teachers to explore how students use certain learning objects</br></br><b> CET: </b>Briefly mentions connectvism and other learning theories as future work</br></br><b> SoV: </b>Multi-level simple, disconnected, interactive visualizations</br></br>"
"Chen, Y., Chen, Q., Zhao, M., Boyer, S., Veeramachaneni, K., & Qu, H. (2016, October). DropoutSeer: Visualizing learning patterns in Massive Open Online Courses for dropout reasoning and prediction. In Visual Analytics Science and Technology (VAST), 2016 IEEE Conference on (pp. 111-120). IEEE.",Visual analytics system for understanding students' reasons for dropping out MOOCs,2,"Summarizes existing work in dropout prediction, but mostly focused on computational methods (not educational theories). Does not connect with any educational theory in the discussion of results",10,"Multi-level, novel, interactive visualization, with all levels connected to each other",VAST,1,7,"<b> Citation: </b>Chen, Y., Chen, Q., Zhao, M., Boyer, S., Veeramachaneni, K., & Qu, H. (2016, October). DropoutSeer: Visualizing learning patterns in Massive Open Online Courses for dropout reasoning and prediction. In Visual Analytics Science and Technology (VAST), 2016 IEEE Conference on (pp. 111-120). IEEE.</br></br><b> Description: </b>Visual analytics system for understanding students' reasons for dropping out MOOCs</br></br><b> CET: </b>Summarizes existing work in dropout prediction, but mostly focused on computational methods (not educational theories). Does not connect with any educational theory in the discussion of results</br></br><b> SoV: </b>Multi-level, novel, interactive visualization, with all levels connected to each other</br></br>"
"Jugo, I., Kova?i?, B., & Slavuj, V. (2016, January). Guiding Students towards Frequent High-Utility Paths in an Ill-Defined Domain. In 9th International Conference on Educational Data Mining.",Identifies common learning paths in intelligent tutoring systems,3,Brief mention to intelligent tutoring systems and learning paths,1,Simple static visualization,EDM,1,4,"<b> Citation: </b>Jugo, I., Kova?i?, B., & Slavuj, V. (2016, January). Guiding Students towards Frequent High-Utility Paths in an Ill-Defined Domain. In 9th International Conference on Educational Data Mining.</br></br><b> Description: </b>Identifies common learning paths in intelligent tutoring systems</br></br><b> CET: </b>Brief mention to intelligent tutoring systems and learning paths</br></br><b> SoV: </b>Simple static visualization</br></br>"
"Ahn, J., Gubbels, M., Yip, J., Bonsignore, E., & Clegg, T. (2013, June). Using social media and learning analytics to understand how children engage in scientific inquiry. In Proceedings of the 12th International Conference on Interaction Design and Children (pp. 427-430). ACM.",Visualization of students interactions in social media promoting scientific inquiry learning,3,Brielfy connects social media and learning literature to feedback and scaffolding (one reference only). Does not inform design and does not discusses findings under existing literature,2,Unique static visualization is presented,International Conference on Interaction Design and Children,1,7,"<b> Citation: </b>Ahn, J., Gubbels, M., Yip, J., Bonsignore, E., & Clegg, T. (2013, June). Using social media and learning analytics to understand how children engage in scientific inquiry. In Proceedings of the 12th International Conference on Interaction Design and Children (pp. 427-430). ACM.</br></br><b> Description: </b>Visualization of students interactions in social media promoting scientific inquiry learning</br></br><b> CET: </b>Brielfy connects social media and learning literature to feedback and scaffolding (one reference only). Does not inform design and does not discusses findings under existing literature</br></br><b> SoV: </b>Unique static visualization is presented</br></br>"
"Thompson, K., Ashe, D., Carvalho, L., Goodyear, P., Kelly, N., & Parisio, M. (2013). Processing and visualizing data in complex learning environments. American Behavioral Scientist, 57(10), 1401-1420.",This paper proposes how to use visual learning analytics using two case studies to demonstrate it.,3,"While this study uses an analytical framework that is informed by several areas listed in the paper, the connection to educational theories is limited and not explicit. ",3,The visualizations are static and shows two levels of the data (tool and object). ,American Behavioral Scientist,4,0,"<b> Citation: </b>Thompson, K., Ashe, D., Carvalho, L., Goodyear, P., Kelly, N., & Parisio, M. (2013). Processing and visualizing data in complex learning environments. American Behavioral Scientist, 57(10), 1401-1420.</br></br><b> Description: </b>This paper proposes how to use visual learning analytics using two case studies to demonstrate it.</br></br><b> CET: </b>While this study uses an analytical framework that is informed by several areas listed in the paper, the connection to educational theories is limited and not explicit. </br></br><b> SoV: </b>The visualizations are static and shows two levels of the data (tool and object). </br></br></br></br><b> Citation: </b>Kotranza, A., Lind, D. S., & Lok, B. (2012). Real-time evaluation and visualization of learner performance in a mixed-reality environment for clinical breast examination. IEEE transactions on visualization and computer graphics, 18(7), 1101-1114.</br></br><b> Description: </b>This paper proposes a tool to visualize students' interactions with a simulation that was used for training in clinical breast examination</br></br><b> CET: </b>The paper presents a review of mixed reality environments but does not make a connection to learning theories.</br></br><b> SoV: </b>The visualizations are interactive because they represent what the students are doing in real time. However, they show a single level of the data (i.e., student).</br></br></br></br><b> Citation: </b>Khan, I., & Pardo, A. (2016, April). Data2U: scalable real time student feedback in active learning environments. In Proceedings of the Sixth International Conference on Learning Analytics & Knowledge (pp. 249-253). ACM.</br></br><b> Description: </b>Presents and evaluates a student dashboard of engagement with course activities</br></br><b> CET: </b>Briefly introduces feedback as the learning component of visual analytics. No discussion of findings under the existing literature</br></br><b> SoV: </b>Simple interactive visualization is presented</br></br></br></br><b> Citation: </b>Eagle, M., Brown, R., Rowe, E., Barnes, T., Asbell-Clarke, J., & Edwards, T. (2015). Exploring Problem-Solving Behavior in an Optics Game. In EDM (pp. 584-585).</br></br><b> Description: </b>Uses network maps to understand students' problem-solving behavior in a game</br></br><b> CET: </b>Connects with one reference from their own prior work.</br></br><b> SoV: </b>Novel static visualization is presented</br></br>"
"Verbert, K., Duval, E., Klerkx, J., Govaerts, S., & Santos, J. L. (2013). Learning analytics dashboard applications. American Behavioral Scientist, 57(10), 1500-1509.",This paper proposes a model to compare learning analytics dashboards.   Compare their dashboard to other existing dashboards. The analysis we conduct here is on the StepUp! tool,3,"The paper mentions ""computer-=supported collaborative learning"" but does not make a explicit connection to the presented work",4,"The visualizations are simple, and they involve two levels (one for the teacher, one for the students), with a limitedinteractivity",American Behavioral Scientist,4,0,"<b> Citation: </b>Verbert, K., Duval, E., Klerkx, J., Govaerts, S., & Santos, J. L. (2013). Learning analytics dashboard applications. American Behavioral Scientist, 57(10), 1500-1509.</br></br><b> Description: </b>This paper proposes a model to compare learning analytics dashboards.   Compare their dashboard to other existing dashboards. The analysis we conduct here is on the StepUp! tool</br></br><b> CET: </b>The paper mentions ""computer-=supported collaborative learning"" but does not make a explicit connection to the presented work</br></br><b> SoV: </b>The visualizations are simple, and they involve two levels (one for the teacher, one for the students), with a limitedinteractivity</br></br></br></br><b> Citation: </b>Ruipérez-Valiente, J. A., Muñoz-Merino, P. J., Leony, D., & Kloos, C. D. (2015). ALAS-KA: A learning analytics extension for better understanding the learning process in the Khan Academy platform. Computers in Human Behavior, 47, 139-148.</br></br><b> Description: </b>This paper presents a learning analytics tool for Khan Academy.</br></br><b> CET: </b>Although the paper proposes specific constructs to explore using  the analytics tool (e.g., persistence, affective states), there is no connection with theories or relevant literature to support these constructs</br></br><b> SoV: </b>Multi-level, static, disconnected visualizations</br></br></br></br><b> Citation: </b>Jacovina, M. E., Snow, E. L., Allen, L. K., Roscoe, R. D., Weston, J. L., Dai, J., & McNamara, D. S. (2015). How to visualize success: Presenting complex data in a writing strategy tutor. In Proceedings of 8th international conference on educational data mining.</br></br><b> Description: </b>Visualization of students progresss in an intelligent tutoring system</br></br><b> CET: </b>Brief mention to intelligent tutoring systems</br></br><b> SoV: </b>Multiple simple static disconnected visualizations</br></br></br></br><b> Citation: </b>Warner, J., Doorenbos, J., Miller, B. N., & Guo, P. J. (2015). How high school, college, and online students differentially engage with an interactive digital textbook. In International Conference on Educational Data Mining (EDM).</br></br><b> Description: </b>Understanding students interactions with digital textbooks</br></br><b> CET: </b>No background literature to inform the design. Briefly connects with drop-out literature from MOOCS to interpret the findings.</br></br><b> SoV: </b>Multiple simple static disconnected visualizations</br></br>"
"Gómez-Aguilar, D. A., Hernández-García, Á., García-Peñalvo, F. J., & Therón, R. (2015). Tap into visual analysis of customization of grouping of activities in eLearning. Computers in Human Behavior, 47, 60-67.",This paper aims at identifying a relationship between students' behavior and performance using a learning analytics tool,3,"Presents a background in learning analytics and the types of interactions that can take place, but does not connect these to an educational theory",7,"Multi-level, traditional, interactive, connected visualizations",Computers in Human Behavior,1,3,"<b> Citation: </b>Gómez-Aguilar, D. A., Hernández-García, Á., García-Peñalvo, F. J., & Therón, R. (2015). Tap into visual analysis of customization of grouping of activities in eLearning. Computers in Human Behavior, 47, 60-67.</br></br><b> Description: </b>This paper aims at identifying a relationship between students' behavior and performance using a learning analytics tool</br></br><b> CET: </b>Presents a background in learning analytics and the types of interactions that can take place, but does not connect these to an educational theory</br></br><b> SoV: </b>Multi-level, traditional, interactive, connected visualizations</br></br>"
"Schwab, M., Strobelt, H., Tompkin, J., Fredericks, C., Huff, C., Higgins, D., ... & Pfister, H. (2017). booc. io: An Education System with Hierarchical Concept Maps and Dynamic Non-linear Learning Plans. IEEE Transactions on Visualization and Computer Graphics, 23(1), 571-580.","The purpose of this study is to create a visualization tool of content, that could help both instructors and students to visualize how the content of a given course should be learned",3,"The paper mentions self-guided learning and personalized learning, but does not expand on the theory nor does it guide the research component using these as frameworks.",10,"Multi-level, novel, interactive visualization, with all levels connected to each other",IEEE Transactions on Visualization and Computer Graphics,1,6,"<b> Citation: </b>Schwab, M., Strobelt, H., Tompkin, J., Fredericks, C., Huff, C., Higgins, D., ... & Pfister, H. (2017). booc. io: An Education System with Hierarchical Concept Maps and Dynamic Non-linear Learning Plans. IEEE Transactions on Visualization and Computer Graphics, 23(1), 571-580.</br></br><b> Description: </b>The purpose of this study is to create a visualization tool of content, that could help both instructors and students to visualize how the content of a given course should be learned</br></br><b> CET: </b>The paper mentions self-guided learning and personalized learning, but does not expand on the theory nor does it guide the research component using these as frameworks.</br></br><b> SoV: </b>Multi-level, novel, interactive visualization, with all levels connected to each other</br></br>"
"Duque, R., Gómez-Pérez, D., Nieto-Reyes, A., & Bravo, C. (2015). Analyzing collaboration and interaction in learning environments to form learner groups. Computers in Human Behavior, 47, 42-49.","Proposes a method to analyze students interactions, which is then used to create working groups",4,"Presents a background of computer supported collaborative learning as input for the proposed work, but does not explicitly inform the design, or discuss findings using this literature",1,Static simple visualization is presented,Computers in Human Behavior,1,3,"<b> Citation: </b>Duque, R., Gómez-Pérez, D., Nieto-Reyes, A., & Bravo, C. (2015). Analyzing collaboration and interaction in learning environments to form learner groups. Computers in Human Behavior, 47, 42-49.</br></br><b> Description: </b>Proposes a method to analyze students interactions, which is then used to create working groups</br></br><b> CET: </b>Presents a background of computer supported collaborative learning as input for the proposed work, but does not explicitly inform the design, or discuss findings using this literature</br></br><b> SoV: </b>Static simple visualization is presented</br></br>"
"Cruz-Benito, J., Therón, R., García-Peñalvo, F. J., & Lucas, E. P. (2015). Discovering usage behaviors and engagement in an Educational Virtual World. Computers in Human Behavior, 47, 18-25.",This paper explores usage behaviors and engagement in a virual world.,4,"Presents a background of engagement, but does not  inform the visualization design nor does it discuss the findings using this literature",2,Unique static visualizations are presented,Computers in Human Behavior,1,3,"<b> Citation: </b>Cruz-Benito, J., Therón, R., García-Peñalvo, F. J., & Lucas, E. P. (2015). Discovering usage behaviors and engagement in an Educational Virtual World. Computers in Human Behavior, 47, 18-25.</br></br><b> Description: </b>This paper explores usage behaviors and engagement in a virual world.</br></br><b> CET: </b>Presents a background of engagement, but does not  inform the visualization design nor does it discuss the findings using this literature</br></br><b> SoV: </b>Unique static visualizations are presented</br></br>"
"Ali, L., Hatala, M., Gaševi?, D., & Jovanovi?, J. (2012). A qualitative evaluation of evolution of a learning analytics tool. Computers & Education, 58(1), 470-489.",This paper evaluates a learning analytics tool called LOCO-analyst,4,"The paper discusses the different forms of feedback for learning analytics, but it is unclear how this theory helped design the visualizations, and the results are not discussed under the lens of feedback literature",3,Static simple visualizations are used,Computers & Education,1,2,"<b> Citation: </b>Ali, L., Hatala, M., Gaševi?, D., & Jovanovi?, J. (2012). A qualitative evaluation of evolution of a learning analytics tool. Computers & Education, 58(1), 470-489.</br></br><b> Description: </b>This paper evaluates a learning analytics tool called LOCO-analyst</br></br><b> CET: </b>The paper discusses the different forms of feedback for learning analytics, but it is unclear how this theory helped design the visualizations, and the results are not discussed under the lens of feedback literature</br></br><b> SoV: </b>Static simple visualizations are used</br></br>"
"Davis, D., Chen, G., Hauff, C., & Houben, G. J. (2016). Gauging MOOC Learners' Adherence to the Designed Learning Path. In Proceedings of the 9th International Conference on Educational Data Mining (EDM). Raleigh, NC, USA.",Identifies learning pahts from students in a MOOC,4,"Provides background on learner modeling, but does not connect to the design of the visualization. There is not discussion of the findings under the existing literature",4,"Multi-level, simple, disconnected visualizations",EDM,2,0,"<b> Citation: </b>Davis, D., Chen, G., Hauff, C., & Houben, G. J. (2016). Gauging MOOC Learners' Adherence to the Designed Learning Path. In Proceedings of the 9th International Conference on Educational Data Mining (EDM). Raleigh, NC, USA.</br></br><b> Description: </b>Identifies learning pahts from students in a MOOC</br></br><b> CET: </b>Provides background on learner modeling, but does not connect to the design of the visualization. There is not discussion of the findings under the existing literature</br></br><b> SoV: </b>Multi-level, simple, disconnected visualizations</br></br></br></br><b> Citation: </b>Schneider, B., & Pea, R. (2014, July). The effect of mutual gaze perception on students’ verbal coordination. In Proceedings of the 7th International Conference on Educational Data Mining (EDM 2014) (pp. 138-144).</br></br><b> Description: </b>Understanding the collaboration by exploring  students' awareness of each other ""gaze"" and verbal discussions</br></br><b> CET: </b>Builds on top of previous research that has demonstrated the effect of gaze awareness on learning. Does not inform the design  using this literature. No discussion under existing literature.</br></br><b> SoV: </b>Multiple simple static disconnected visualizations</br></br>"
"Ruiz, S., Charleer, S., Urretavizcaya, M., Klerkx, J., Fernández-Castro, I., & Duval, E. (2016, April). Supporting learning by considering emotions: tracking and visualization a case study. In Proceedings of the Sixth International Conference on Learning Analytics & Knowledge (pp. 254-263). ACM.",Presents a dashboard to visualize students' emotions and how they evolve in a course,4,Brief discussion on the role of emotions. No connection with theory on the discussion section ,7,"Multi-level, interactive, mostly traditional, disconnected  visualizations",LAK,1,9,"<b> Citation: </b>Ruiz, S., Charleer, S., Urretavizcaya, M., Klerkx, J., Fernández-Castro, I., & Duval, E. (2016, April). Supporting learning by considering emotions: tracking and visualization a case study. In Proceedings of the Sixth International Conference on Learning Analytics & Knowledge (pp. 254-263). ACM.</br></br><b> Description: </b>Presents a dashboard to visualize students' emotions and how they evolve in a course</br></br><b> CET: </b>Brief discussion on the role of emotions. No connection with theory on the discussion section </br></br><b> SoV: </b>Multi-level, interactive, mostly traditional, disconnected  visualizations</br></br>"
"Hsiao, I. H., Pandhalkudi Govindarajan, S. K., & Lin, Y. L. (2016, April). Semantic visual analytics for today's programming courses. In Proceedings of the Sixth International Conference on Learning Analytics & Knowledge (pp. 48-53). ACM.",Introduces a visualization tool for analysis of programming tests,4,Introduces computer-supported collaborative learning and orchestration. No clear connection to the design and no discussion of results under the lens of literature,9,"Multi-level, connected, interactive visualizations",LAK,1,9,"<b> Citation: </b>Hsiao, I. H., Pandhalkudi Govindarajan, S. K., & Lin, Y. L. (2016, April). Semantic visual analytics for today's programming courses. In Proceedings of the Sixth International Conference on Learning Analytics & Knowledge (pp. 48-53). ACM.</br></br><b> Description: </b>Introduces a visualization tool for analysis of programming tests</br></br><b> CET: </b>Introduces computer-supported collaborative learning and orchestration. No clear connection to the design and no discussion of results under the lens of literature</br></br><b> SoV: </b>Multi-level, connected, interactive visualizations</br></br>"
"Minovi?, M., Milovanovi?, M., Šoševi?, U., & González, M. Á. C. (2015). Visualisation of student learning model in serious games. Computers in Human Behavior, 47, 98-107.",Proposes a visualization tool for student learning model in an educational game,5,"Integrates Anderson's Taxonomy model for the development of the tool, but only brief connection with it on the discussion section is presented. Moreover, although ""informs"" the visualization in the context of educational games, there are no references for this connection.",1,Static simple visualization is presented,Computers in Human Behavior,1,3,"<b> Citation: </b>Minovi?, M., Milovanovi?, M., Šoševi?, U., & González, M. Á. C. (2015). Visualisation of student learning model in serious games. Computers in Human Behavior, 47, 98-107.</br></br><b> Description: </b>Proposes a visualization tool for student learning model in an educational game</br></br><b> CET: </b>Integrates Anderson's Taxonomy model for the development of the tool, but only brief connection with it on the discussion section is presented. Moreover, although ""informs"" the visualization in the context of educational games, there are no references for this connection.</br></br><b> SoV: </b>Static simple visualization is presented</br></br>"
"Iglesias-Pradas, S., Ruiz-de-Azcárate, C., & Agudo-Peregrina, Á. F. (2015). Assessing the suitability of student interactions from Moodle data logs as predictors of cross-curricular competencies. Computers in Human Behavior, 47, 81-89.",Captures interactions from a LMS to identify the development of team work and commitment,5,"Defines commitment and teamwork based on existing literature to guide the development of analysis tools, but it does not inform the design of the visualizations using this literature. Discusses findings connecting with only two sources of literature",3,"Several static, disconnected visualizations are presented",Computers in Human Behavior,2,0,"<b> Citation: </b>Iglesias-Pradas, S., Ruiz-de-Azcárate, C., & Agudo-Peregrina, Á. F. (2015). Assessing the suitability of student interactions from Moodle data logs as predictors of cross-curricular competencies. Computers in Human Behavior, 47, 81-89.</br></br><b> Description: </b>Captures interactions from a LMS to identify the development of team work and commitment</br></br><b> CET: </b>Defines commitment and teamwork based on existing literature to guide the development of analysis tools, but it does not inform the design of the visualizations using this literature. Discusses findings connecting with only two sources of literature</br></br><b> SoV: </b>Several static, disconnected visualizations are presented</br></br></br></br><b> Citation: </b>Muñoz-Merino, P. J., Ruipérez-Valiente, J. A., Alario-Hoyos, C., Pérez-Sanagustín, M., & Kloos, C. D. (2015). Precise Effectiveness Strategy for analyzing the effectiveness of students with educational resources and activities in MOOCs. Computers in Human Behavior, 47, 108-118.</br></br><b> Description: </b>Proposes a metric called Precise Effectiveness Strategy (PES) to calculate students' effectiveness with educational resources</br></br><b> CET: </b>Presents a background of students' effectiveness in learning to inform the PES, but does not inform the visualization using this background, and only cites one of these papers to discuss the findings</br></br><b> SoV: </b>Several static disconnected visualizations with two different levels are presented</br></br>"
"Bull, S., Ginon, B., Boscolo, C., & Johnson, M. (2016, April). Introduction of learning visualisations and metacognitive support in a persuadable open learner model. In Proceedings of the Sixth International Conference on Learning Analytics & Knowledge (pp. 30-39). ACM.",Presents visualizations for the open-learner model.,5,"Describes the open learner model, but there is not explicit connection to the design (other than a citation). Brings the open-learner model back on the discussion.",5,"Multiple, simple, disconnected, interactive visualizations",LAK,2,0,"<b> Citation: </b>Bull, S., Ginon, B., Boscolo, C., & Johnson, M. (2016, April). Introduction of learning visualisations and metacognitive support in a persuadable open learner model. In Proceedings of the Sixth International Conference on Learning Analytics & Knowledge (pp. 30-39). ACM.</br></br><b> Description: </b>Presents visualizations for the open-learner model.</br></br><b> CET: </b>Describes the open learner model, but there is not explicit connection to the design (other than a citation). Brings the open-learner model back on the discussion.</br></br><b> SoV: </b>Multiple, simple, disconnected, interactive visualizations</br></br></br></br><b> Citation: </b>Bull, S., Kickmeier-Rust, M., Vatrapu, R. K., Johnson, M. D., Hammermueller, K., Byrne, W., ... & Meissl-Egghart, G. (2013, September). Learning, Learning Analytics, Activity Visualisation and Open Learner Model: Confusing?. In European Conference on Technology Enhanced Learning (pp. 532-535). Springer Berlin Heidelberg.</br></br><b> Description: </b>Next-TELL - Visualization tool for the open learner model</br></br><b> CET: </b>Mentions the Competence-based knowledge space theory as the framework that informed part of the tool, and briefly mentions other competency frameworks.</br></br><b> SoV: </b>Multiple, simple, disconnected, interactive visualizations</br></br>"
"Martinez-Maldonado, R., Pardo, A., Mirriahi, N., Yacef, K., Kay, J., & Clayphan, A. (2016). Latux: an iterative workflow for designing, validating and deploying learning analytics visualisations. Journal of Learning Analytics, 2(3), 9-39.
Chicago ","Proposes a workflow for developing learning analytics tools, and includes a case study. The scores used for this paper correspond to the case study that describes a dashboard for teachers to understand students' collaboration",5,"Brielfy connects with social proxies, equity of oral participation and decision making, and levels of participation at the tabletop to inform the design of  four visualizations. Does not discuss findings under these theories",6,"Simple, multi-level, interactive visualizations",Journal of Learning Analytics,1,8,"<b> Citation: </b>Martinez-Maldonado, R., Pardo, A., Mirriahi, N., Yacef, K., Kay, J., & Clayphan, A. (2016). Latux: an iterative workflow for designing, validating and deploying learning analytics visualisations. Journal of Learning Analytics, 2(3), 9-39.
Chicago </br></br><b> Description: </b>Proposes a workflow for developing learning analytics tools, and includes a case study. The scores used for this paper correspond to the case study that describes a dashboard for teachers to understand students' collaboration</br></br><b> CET: </b>Brielfy connects with social proxies, equity of oral participation and decision making, and levels of participation at the tabletop to inform the design of  four visualizations. Does not discuss findings under these theories</br></br><b> SoV: </b>Simple, multi-level, interactive visualizations</br></br>"
"Wang, M., Peng, J., Cheng, B., Zhou, H., & Liu, J.. (2011). Knowledge Visualization for Self-Regulated Learning. Educational Technology & Society, 14 (3), 28–42. ",This study proposes a knowledge visualization tool for students,6,"Connects with self-regulated learning and informs the design using this theory. However, this is not brought back on the discussion",3,Simple interactive visualizations are presented,Educational Technology & Society,2,0,"<b> Citation: </b>Wang, M., Peng, J., Cheng, B., Zhou, H., & Liu, J.. (2011). Knowledge Visualization for Self-Regulated Learning. Educational Technology & Society, 14 (3), 28–42. </br></br><b> Description: </b>This study proposes a knowledge visualization tool for students</br></br><b> CET: </b>Connects with self-regulated learning and informs the design using this theory. However, this is not brought back on the discussion</br></br><b> SoV: </b>Simple interactive visualizations are presented</br></br></br></br><b> Citation: </b>Beheshitha, S. S., Hatala, M., Gaševi?, D., & Joksimovi?, S. (2016, April). The role of achievement goal orientations when studying effect of learning analytics visualizations. In Proceedings of the Sixth International Conference on Learning Analytics & Knowledge (pp. 54-63). ACM.</br></br><b> Description: </b>Evaluates three visualization tools for online discussions</br></br><b> CET: </b>Discusses achievement goal orientation (AGO), and collaborative learning. Both elements are brought back in the discussion section. However, there is no clear connection to the actual visualizations.</br></br><b> SoV: </b>Multiple, simple, disconnected visualizations</br></br>"
"Atapattu, T., Falkner, K., & Tarmazdi, H. (2016). Topic-wise classification of MOOC discussions: A visual analytics approach. In Proceedings of the 9th International conference on Educational Data Mining (EDM), Raleigh, NC, USA.",Dashboard application to visualize discussion forums,6,"Uses existing literature to make the case for understanding students' discourse in MOOC forums in order to better understand ""learners' cognitive processes"". Briefly connects the discussion with existing literature (one reference)",5,Interactive multilevel visualization,EDM,1,4,"<b> Citation: </b>Atapattu, T., Falkner, K., & Tarmazdi, H. (2016). Topic-wise classification of MOOC discussions: A visual analytics approach. In Proceedings of the 9th International conference on Educational Data Mining (EDM), Raleigh, NC, USA.</br></br><b> Description: </b>Dashboard application to visualize discussion forums</br></br><b> CET: </b>Uses existing literature to make the case for understanding students' discourse in MOOC forums in order to better understand ""learners' cognitive processes"". Briefly connects the discussion with existing literature (one reference)</br></br><b> SoV: </b>Interactive multilevel visualization</br></br>"
"Schreurs, B., Teplovs, C., Ferguson, R., De Laat, M., & Buckingham Shum, S. (2013, April). Visualizing social learning ties by type and topic: rationale and concept demonstrator. In Proceedings of the Third International Conference on Learning Analytics and Knowledge (pp. 33-37). ACM.",Describes a tool called Network Awareness Tool to visualize informal learning networks,7,"Describes networked learning as the theory that guides their research. Discusses the output using this theory, but there are not explicit findings to discuss.",3,"Simple graph visualization that allows limited interaction, and it only shows one level of the data.",LAK,4,0,"<b> Citation: </b>Schreurs, B., Teplovs, C., Ferguson, R., De Laat, M., & Buckingham Shum, S. (2013, April). Visualizing social learning ties by type and topic: rationale and concept demonstrator. In Proceedings of the Third International Conference on Learning Analytics and Knowledge (pp. 33-37). ACM.</br></br><b> Description: </b>Describes a tool called Network Awareness Tool to visualize informal learning networks</br></br><b> CET: </b>Describes networked learning as the theory that guides their research. Discusses the output using this theory, but there are not explicit findings to discuss.</br></br><b> SoV: </b>Simple graph visualization that allows limited interaction, and it only shows one level of the data.</br></br></br></br><b> Citation: </b>Shum, S. B., & Crick, R. D. (2012, April). Learning dispositions and transferable competencies: pedagogy, modelling and learning analytics. In Proceedings of the 2nd International Conference on Learning Analytics and Knowledge (pp. 92-101). ACM.</br></br><b> Description: </b>Propose a learninig analytics tool that integrates engagement and pedagogy for visualization of Effective Lifelong Leanring Inventory</br></br><b> CET: </b>Defines meta-competences, engagement, disengagement, learning power, to inform data collection, but not the visualization itself.  Brings back the literature in the discussion section</br></br><b> SoV: </b>Multiple, simple, disconnected visualizations</br></br></br></br><b> Citation: </b>Kump, B., Seifert, C., Beham, G., Lindstaedt, S. N., & Ley, T. (2012, April). Seeing what the system thinks you know: visualizing evidence in an open learner model. In Proceedings of the 2nd International Conference on Learning Analytics and Knowledge (pp. 153-157). ACM.</br></br><b> Description: </b>Presents a tool that integrates the learner model and information visualization for the identification of  knowledge indicating events (KIE)</br></br><b> CET: </b>Introduces the concept of knowledge indicating events (KIE) as ""naturally ocurring user actions that are interpreted as evidences for a user's knowledge state, and informs the design on the structure of the open learner model and the KIE. No discussion of findings under existing literature</br></br><b> SoV: </b>Simple interactive visualization is presented</br></br></br></br><b> Citation: </b>Hillaire, G., Rappolt-Schlichtmann, G., & Ducharme, K. (2016). Prototyping Visual Learning Analytics Guided by an Educational Theory Informed Goal. Journal of Learning Analytics, 3(3), 115-142.</br></br><b> Description: </b>The paper proposes a methodology to develop visual learning analytics, and demonstrated it using a case study. The scores used for this paper correspond to the case study that explored the visualization of students' emotions.</br></br><b> CET: </b>Discusses the role of emotions in learning connecting with existing literature, and informs the visualization tool using this background. Does not discuss the findings under these theories</br></br><b> SoV: </b>Simple interactive visualization is presented</br></br>"
"de Laat, M., & Schreurs, B. (2013). Visualizing informal professional development networks: Building a case for learning analytics in the workplace. American Behavioral Scientist, 57(10), 1421-1438.",This study presents a learning analytics tool to professional development networks,7,"The paper makes a relevant connection with networked learning to make the case for the tool, and to briefly interpret the networks that are visualized.",4,Their second part of the paper (revised version of the tool)  shows an interactive tool for the visualization of networks. It shows however a single level of the data,American Behavioral Scientist,1,1,"<b> Citation: </b>de Laat, M., & Schreurs, B. (2013). Visualizing informal professional development networks: Building a case for learning analytics in the workplace. American Behavioral Scientist, 57(10), 1421-1438.</br></br><b> Description: </b>This study presents a learning analytics tool to professional development networks</br></br><b> CET: </b>The paper makes a relevant connection with networked learning to make the case for the tool, and to briefly interpret the networks that are visualized.</br></br><b> SoV: </b>Their second part of the paper (revised version of the tool)  shows an interactive tool for the visualization of networks. It shows however a single level of the data</br></br>"
"Lockyer, L., Heathcote, E., & Dawson, S. (2013). Informing pedagogical action: Aligning learning analytics with learning design. American Behavioral Scientist, 57(10), 1439-1459.","This paper proposes a connection between learning design and learning analytics.  The paper then demonstrates this connection with the SNAPP visualization tool, a graph-based viz for interactions in discussion forum",8,"The paper advocates for a strong connection between learning analytics and learning design ""any user interaction behavior must be analyzed in the specific education context such as the learning design 
and course modality. An understanding of the learning design context is imperative for establishing accurate predictive models alongside pedagogical recommendations. """,3,"Simple graph visualization that allows limited interaction, and it only shows one level of the data.",American Behavioral Scientist,1,1,"<b> Citation: </b>Lockyer, L., Heathcote, E., & Dawson, S. (2013). Informing pedagogical action: Aligning learning analytics with learning design. American Behavioral Scientist, 57(10), 1439-1459.</br></br><b> Description: </b>This paper proposes a connection between learning design and learning analytics.  The paper then demonstrates this connection with the SNAPP visualization tool, a graph-based viz for interactions in discussion forum</br></br><b> CET: </b>The paper advocates for a strong connection between learning analytics and learning design ""any user interaction behavior must be analyzed in the specific education context such as the learning design 
and course modality. An understanding of the learning design context is imperative for establishing accurate predictive models alongside pedagogical recommendations. ""</br></br><b> SoV: </b>Simple graph visualization that allows limited interaction, and it only shows one level of the data.</br></br>"
"Xing, W., Wadholm, R., Petakovic, E., & Goggins, S. (2015). Group Learning Assessment: Developing a Theory-Informed Analytics. Educational Technology & Society, 18 (2), 110–128.",Proposes a learning analytics tool to understand students' interactions in group work,8,"Introduces computer supported collaborative learning, and group cognition to inform the development of the tool. Discusses the findings under the lens of these theories",5,"Two-level, simple, interactive visualization",Educational Technology & Society,1,5,"<b> Citation: </b>Xing, W., Wadholm, R., Petakovic, E., & Goggins, S. (2015). Group Learning Assessment: Developing a Theory-Informed Analytics. Educational Technology & Society, 18 (2), 110–128.</br></br><b> Description: </b>Proposes a learning analytics tool to understand students' interactions in group work</br></br><b> CET: </b>Introduces computer supported collaborative learning, and group cognition to inform the development of the tool. Discusses the findings under the lens of these theories</br></br><b> SoV: </b>Two-level, simple, interactive visualization</br></br>"
"Nagy, R. P. (2016). Tracking and Visualising Student Effort: Evolution of a Practical Analytics Tool for Staff and Student Engagement. Journal of Learning Analytics, 3(2), 164-192.",Provides a visualization tool of students' effortm for teachers to assess students and to provide formative feedback,9,"Provides a review of background literature on students' effort and its effect for motivation and learning. The study discusses the findings under the existing literature, and somewhat informs the design by establishing the constructs to assess",2,Simple static visualizations are provided,Journal of Learning Analytics,1,8,"<b> Citation: </b>Nagy, R. P. (2016). Tracking and Visualising Student Effort: Evolution of a Practical Analytics Tool for Staff and Student Engagement. Journal of Learning Analytics, 3(2), 164-192.</br></br><b> Description: </b>Provides a visualization tool of students' effortm for teachers to assess students and to provide formative feedback</br></br><b> CET: </b>Provides a review of background literature on students' effort and its effect for motivation and learning. The study discusses the findings under the existing literature, and somewhat informs the design by establishing the constructs to assess</br></br><b> SoV: </b>Simple static visualizations are provided</br></br>"
"Van Leeuwen, A., Janssen, J., Erkens, G., & Brekelmans, M. (2014). Supporting teachers in guiding collaborating students: Effects of learning analytics in CSCL. Computers & Education, 79, 28-39.",This paper describes a tool for teacher support,9,The paper presents a complete review of  computer supported collaborative learning and how learning analytics tools can support teachers and uses this literature to inform the presented work. The findings are briefly discussed under this lens.,3,Two-level static disconnected visualizations are presented,Computers & Education,2,0,"<b> Citation: </b>Van Leeuwen, A., Janssen, J., Erkens, G., & Brekelmans, M. (2014). Supporting teachers in guiding collaborating students: Effects of learning analytics in CSCL. Computers & Education, 79, 28-39.</br></br><b> Description: </b>This paper describes a tool for teacher support</br></br><b> CET: </b>The paper presents a complete review of  computer supported collaborative learning and how learning analytics tools can support teachers and uses this literature to inform the presented work. The findings are briefly discussed under this lens.</br></br><b> SoV: </b>Two-level static disconnected visualizations are presented</br></br></br></br><b> Citation: </b>Janssen, J., Erkens, G., Kanselaar, G., & Jaspers, J. (2007). Visualization of participation: Does it contribute to successful computer-supported collaborative learning?. Computers & Education, 49(4), 1037-1065.</br></br><b> Description: </b>This paper describes a visualization tool for students to explore their collaborations.</br></br><b> CET: </b>Makes connection between the visualization of collaboration, motivation, and external fedback. However, only a brienf mention in the discussion is presented.</br></br><b> SoV: </b>The visualization is interactive so that students' can zoom in or out to see the whole class or jus their own group. However, is a single, non-novel visualization</br></br>"
"Agudo-Peregrina, Á. F., Iglesias-Pradas, S., Conde-González, M. Á., & Hernández-García, Á. (2014). Can we predict success from log data in VLEs? Classification of interactions for learning analytics and their relation with performance in VLE-supported F2F and online learning. Computers in human behavior, 31, 542-550.",Compares different interactions in a learning environment with student performance,10,"Describes possible interactions in a learning environment, and their implications for teaching and learning. Discusses the findings under the light of existing literature",1,Static simple visualization is presented,Computers in Human Behavior,2,0,"<b> Citation: </b>Agudo-Peregrina, Á. F., Iglesias-Pradas, S., Conde-González, M. Á., & Hernández-García, Á. (2014). Can we predict success from log data in VLEs? Classification of interactions for learning analytics and their relation with performance in VLE-supported F2F and online learning. Computers in human behavior, 31, 542-550.</br></br><b> Description: </b>Compares different interactions in a learning environment with student performance</br></br><b> CET: </b>Describes possible interactions in a learning environment, and their implications for teaching and learning. Discusses the findings under the light of existing literature</br></br><b> SoV: </b>Static simple visualization is presented</br></br></br></br><b> Citation: </b>Kim, M., & Lee, E. (2012). A Multidimensional Analysis Tool for Visualizing Online Interactions. Educational Technology & Society, 15(3), 89-102.</br></br><b> Description: </b>Proposes a visual analysis tool of online interactions</br></br><b> CET: </b>Informs the requirements of the tool using collaborative learning, and discusses the findings using existing literature</br></br><b> SoV: </b>Static simple visualization is presented</br></br>"
"Hernández-García, Á., González-González, I., Jiménez-Zarco, A. I., & Chaparro-Peláez, J. (2015). Applying social learning analytics to message boards in online distance learning: A case study. Computers in Human Behavior, 47, 68-80.",This paper describes a learning analytics tool for students to explore their online collaborations using an open-source software,10,"Makes connection with social network analysis and collaboration, and uses this literature to discuss the findings.",5,"Multi-level disconnected visualization, using color-codes to represent different characteristics of the data",Computers in Human Behavior,3,0,"<b> Citation: </b>Hernández-García, Á., González-González, I., Jiménez-Zarco, A. I., & Chaparro-Peláez, J. (2015). Applying social learning analytics to message boards in online distance learning: A case study. Computers in Human Behavior, 47, 68-80.</br></br><b> Description: </b>This paper describes a learning analytics tool for students to explore their online collaborations using an open-source software</br></br><b> CET: </b>Makes connection with social network analysis and collaboration, and uses this literature to discuss the findings.</br></br><b> SoV: </b>Multi-level disconnected visualization, using color-codes to represent different characteristics of the data</br></br></br></br><b> Citation: </b>Aramo-Immonen, H., Jussila, J., & Huhtamäki, J. (2015). Exploring co-learning behavior of conference participants with visual network analysis of Twitter data. Computers in Human Behavior, 51, 1154-1162.</br></br><b> Description: </b>Understanding co-learning using a visualization tool for twitter data.</br></br><b> CET: </b>Introduces collaborative learning as the educational theory guiding this study, and uses existing literature to make sense out of the visualization</br></br><b> SoV: </b>Simple, two-level, disconnected, interactive visualizations</br></br></br></br><b> Citation: </b>Lonn, S., Aguilar, S. J., & Teasley, S. D. (2015). Investigating student motivation in the context of a learning analytics intervention during a summer bridge program. Computers in Human Behavior, 47, 90-97.</br></br><b> Description: </b>Presents a dashboard to visualize students' motivation</br></br><b> CET: </b>Defines intrinsic motivation as the theoretical framework guiding this study. Discusses the findings using existing literature</br></br><b> SoV: </b>Simple multi-level interactive visualizations that are not necessarily connected to each other</br></br>"
